time,cpu_percent,ram_percent,ram_used,interval_net_in,interval_net_out,total_net_in,total_net_out
1668602212,9.7,6.6,7979597824,0,0,198,633
1668602213,13.7,6.6,8010252288,42,0,504,1527
1668602214,15.6,6.6,8008945664,0,0,768,2426
1668602215,14.6,6.7,8048500736,112,0,1144,3322
1668602216,17.2,6.7,8087638016,42,0,1450,4222
1668602217,10.4,6.7,8065990656,174,380,1690,5055
1668602218,13.3,6.6,8002437120,652,0,2606,5961
1668602219,8.9,6.6,7961288704,194,0,3064,6861
1668602220,10.9,6.6,7935012864,652,0,3980,7759
1668602221,12.2,6.5,7898095616,430,0,4674,8659
1668602222,13.0,6.6,7907229696,496,0,5368,9560
1668602223,6.1,6.6,7902494720,112,0,5744,10458
1668602224,3.2,6.6,7903039488,0,0,6008,11359
1668602225,4.4,6.6,7903019008,42,0,6314,12255
1668602226,5.7,6.5,7894884352,42,0,6620,13152
1668602227,1.1,6.5,7894691840,236,0,7120,14050
1668602228,1.8,6.5,7897452544,42,0,7426,14951
1668602229,1.7,6.5,7895621632,42,0,7732,15850
1668602230,1.7,6.5,7894913024,42,0,8038,16749
1668602231,2.4,6.5,7900884992,42,0,8344,17648
1668602232,2.6,6.5,7862116352,42,0,8650,18546
1668602233,3.2,6.5,7862345728,42,0,8956,19445
1668602234,4.3,6.5,7857713152,42,0,9262,20345
1668602235,1.9,6.5,7856541696,42,0,9568,21243
1668602236,17.1,6.5,7886512128,236,0,10068,22142
1668602237,8.5,6.6,7924797440,42,0,10374,23043
1668602238,2.9,6.6,7932063744,42,0,10680,23942
1668602239,2.6,6.6,7930007552,42,0,10986,24842
1668602240,0.9,6.6,7933460480,112,0,11362,25743
1668602241,9.5,6.6,7966679040,84,0,11710,26644
1668602242,4.5,6.6,7950258176,126,0,12100,27544
1668602243,14.1,6.6,8010702848,420,0,12784,28444
1668602244,17.4,6.6,7990112256,264,0,13312,29345
1668602245,8.2,6.6,7913721856,216,42,13792,30287
1668602246,16.1,6.6,7905247232,216,0,14272,31193
1668602247,6.3,6.6,7944941568,42,0,14578,32096
1668602248,12.3,6.5,7870402560,84,0,14926,32996
1668602249,10.0,6.5,7875747840,174,542,15100,33766
1668602250,11.3,6.5,7862910976,84,0,15448,34671
1668602251,5.0,6.5,7782797312,84,0,15796,35569
1668602252,6.8,6.5,7805329408,84,0,16144,36468
1668602253,10.6,6.5,7801352192,84,0,16492,37368
1668602254,9.2,6.5,7821643776,84,0,16840,38269
1668602255,4.3,6.5,7787700224,84,0,17188,39170
1668602256,8.2,6.5,7798714368,84,0,17536,40070
1668602257,6.7,6.5,7796576256,258,380,17860,40903
1668602258,6.7,6.5,7802888192,84,0,18208,41809
1668602259,1.8,6.5,7803727872,42,0,18514,42709
1668602260,1.8,6.5,7803244544,42,0,18820,43608
1668602261,4.5,6.5,7792332800,42,0,19126,44509
1668602262,6.9,6.5,7785095168,42,0,19432,45409
1668602263,5.7,6.5,7790895104,42,0,19738,46309
1668602264,9.8,6.5,7803301888,84,0,20086,47209
1668602265,7.2,6.5,7808962560,84,0,20434,48109
1668602266,4.3,6.5,7811891200,42,0,20740,49010
1668602267,0.6,6.5,7813738496,42,0,21046,49910
1668602268,1.5,6.5,7813271552,42,0,21352,50808
1668602269,2.1,6.5,7810387968,42,0,21658,51707
1668602270,1.5,6.5,7809540096,42,0,21964,52607
1668602271,7.5,6.5,7834087424,42,0,22270,53507
1668602272,5.3,6.5,7788326912,42,0,22576,54405
1668602273,3.6,6.5,7831146496,112,0,22952,55306
1668602274,8.1,6.5,7801053184,258,379,23276,56141
1668602275,8.6,6.5,7798468608,126,0,23666,57047
1668602276,9.8,6.5,7799787520,42,0,23972,57948
1668602277,1.8,6.5,7788482560,42,0,24278,58846
1668602278,7.9,6.5,7804841984,42,0,24584,59746
1668602279,8.1,6.5,7800782848,126,42,24974,60689
1668602280,3.6,6.5,7801520128,84,0,25322,61595
1668602281,7.3,6.5,7801507840,42,0,25628,62495
1668602282,4.8,6.5,7784894464,42,0,25934,63394
1668602283,9.3,6.5,7811121152,42,0,26240,64295
1668602284,15.1,6.5,7808905216,84,0,26588,65194
1668602285,11.6,6.5,7876382720,84,0,26936,66096
1668602286,16.3,6.5,7841681408,84,0,27284,66996
1668602287,8.7,6.5,7841615872,84,0,27632,67896
1668602288,13.4,6.5,7874740224,42,0,27938,68794
1668602289,12.1,6.5,7889915904,126,0,28328,69696
1668602290,12.8,6.5,7884111872,126,0,28718,70597
1668602291,11.4,6.5,7850602496,84,0,29066,71500
1668602292,6.9,6.5,7822450688,139,0,29469,72402
1668602293,8.5,6.5,7807975424,84,0,29817,73302
1668602294,10.4,6.5,7800086528,126,0,30207,74203
1668602295,6.6,6.5,7791718400,84,0,30555,75105
1668602296,4.7,6.5,7789039616,42,0,30861,76004
1668602297,7.9,6.5,7804604416,84,0,31209,76903
1668602298,7.1,6.5,7816048640,84,0,31557,77803
1668602299,9.5,6.5,7810674688,42,0,31863,78704
1668602300,8.3,6.5,7801495552,42,0,32169,79605
1668602301,7.0,6.5,7783747584,42,0,32475,80503
1668602302,8.1,6.5,7774097408,84,0,32823,81404
1668602303,3.7,6.5,7776833536,216,380,33105,82237
1668602304,3.0,6.5,7778250752,84,0,33453,83143
1668602305,0.6,6.5,7780990976,42,0,33759,84044
1668602306,3.5,6.5,7773868032,42,0,34065,84942
1668602307,1.9,6.5,7776583680,42,0,34371,85841
1668602308,3.2,6.5,7778439168,42,0,34677,86741
1668602309,1.8,6.5,7777030144,42,0,34983,87641
1668602310,1.1,6.5,7775645696,42,0,35289,88541
1668602311,1.6,6.5,7776837632,42,0,35595,89441
1668602312,2.9,6.5,7779778560,42,0,35901,90342
1668602313,1.1,6.5,7780814848,84,42,36249,91284
1668602314,1.9,6.5,7784800256,42,0,36555,92187
1668602315,0.7,6.5,7789731840,42,0,36861,93086
1668602316,4.9,6.5,7785590784,42,0,37167,93984
1668602317,2.1,6.5,7786663936,42,0,37473,94883
1668602318,1.9,6.5,7788249088,42,0,37779,95781
1668602319,1.7,6.5,7784361984,42,0,38085,96682
1668602320,2.2,6.5,7786950656,42,0,38391,97583
1668602321,1.6,6.5,7778713600,0,0,38655,98481
1668602322,4.7,6.5,7784640512,0,0,38919,99376
1668602323,3.8,6.5,7781691392,0,0,39183,100272
1668602324,2.6,6.5,7779880960,0,0,39447,101169
1668602325,1.7,6.5,7783448576,0,0,39711,102065
1668602326,3.1,6.5,7774965760,0,0,39975,102962
1668602327,1.8,6.5,7775588352,0,0,40239,103858
1668602328,2.3,6.4,7723233280,42,0,40545,104753
1668602329,2.4,6.4,7718834176,0,0,40809,105654
1668602330,5.0,6.4,7715917824,0,0,41073,106550
1668602331,3.4,6.4,7714414592,0,0,41337,107448
1668602332,1.8,6.4,7716352000,0,0,41601,108343
1668602333,5.6,6.4,7730008064,0,0,41865,109239
1668602334,5.4,6.4,7738789888,132,379,42063,110069
1668602335,6.5,6.5,7781748736,0,0,42327,110976
1668602336,5.5,6.4,7764160512,42,0,42633,111874
1668602337,2.3,6.4,7767191552,0,0,42897,112771
1668602338,7.5,6.5,7790727168,70,0,43231,113667
1668602339,3.7,6.5,7799128064,42,0,43537,114568
1668602340,2.6,6.5,7800172544,0,0,43801,115470
1668602341,2.3,6.5,7773065216,42,0,44107,116367
1668602342,4.9,6.5,7778766848,42,0,44413,117269
1668602343,2.1,6.5,7777689600,42,0,44719,118170
1668602344,3.8,6.5,7773310976,0,0,44983,119071
1668602345,1.0,6.5,7772860416,0,0,45247,119967
1668602346,3.5,6.4,7765835776,0,0,45511,120862
1668602347,2.1,6.4,7764910080,0,0,45775,121759
1668602348,3.2,6.4,7726342144,108,42,46081,122698
1668602349,5.0,6.4,7716397056,0,0,46345,123602
1668602350,2.6,6.4,7717306368,0,0,46609,124497
1668602351,1.7,6.4,7717707776,0,0,46873,125393
1668602352,2.0,6.4,7719587840,0,0,47137,126291
1668602353,2.6,6.4,7717826560,0,0,47401,127187
1668602354,2.2,6.4,7722045440,0,0,47665,128083
1668602355,1.4,6.4,7722733568,0,0,47929,128979
1668602356,2.8,6.4,7721607168,0,0,48193,129877
1668602357,1.7,6.4,7721918464,0,0,48457,130773
1668602358,2.1,6.4,7720640512,0,0,48721,131670
1668602359,1.6,6.4,7715356672,0,0,48985,132568
1668602360,1.7,6.4,7715831808,0,0,49249,133464
1668602361,1.6,6.4,7717986304,0,0,49513,134362
1668602362,4.8,6.4,7721086976,0,0,49777,135258
1668602363,2.3,6.4,7722639360,0,0,50041,136155
1668602364,2.7,6.4,7721279488,0,0,50305,137052
1668602365,1.4,6.4,7722295296,0,0,50569,137950
1668602366,2.4,6.4,7719493632,0,0,50833,138846
1668602367,2.6,6.4,7720337408,0,0,51097,139743
1668602368,3.1,6.4,7721652224,0,0,51361,140638
1668602369,1.6,6.4,7723700224,0,0,51625,141536
1668602370,1.4,6.4,7723687936,0,0,51889,142434
1668602371,1.7,6.4,7724326912,0,0,52153,143331
1668602372,1.9,6.4,7719706624,0,0,52417,144228
1668602373,1.0,6.4,7721078784,0,0,52681,145125
1668602374,2.5,6.4,7722672128,0,0,52945,146023
1668602375,1.8,6.4,7723405312,0,0,53209,146919
1668602376,3.1,6.4,7720607744,0,0,53473,147817
1668602377,2.2,6.4,7721062400,0,0,53737,148714
1668602378,2.9,6.4,7722094592,0,0,54001,149611
1668602379,1.8,6.4,7717961728,0,0,54265,150505
1668602380,1.9,6.4,7723606016,0,0,54529,151402
1668602381,0.7,6.4,7724281856,0,0,54793,152299
1668602382,4.6,6.4,7726956544,0,0,55057,153196
1668602383,4.4,6.4,7729905664,42,42,55363,154135
1668602384,2.1,6.4,7724105728,0,0,55627,155040
1668602385,0.9,6.4,7723581440,0,0,55891,155938
1668602386,2.6,6.4,7721119744,0,0,56155,156836
1668602387,1.9,6.4,7721000960,0,0,56419,157734
1668602388,1.3,6.4,7718735872,0,0,56683,158628
1668602389,2.3,6.4,7712317440,0,0,56947,159525
1668602390,2.0,6.4,7716048896,0,0,57211,160423
1668602391,2.6,6.4,7716786176,0,0,57475,161321
1668602392,2.9,6.4,7717584896,0,0,57739,162216
1668602393,1.4,6.4,7717711872,0,0,58003,163114
1668602395,2.5,6.4,7721496576,0,0,58267,164011
1668602396,2.1,6.4,7719309312,0,0,58531,164905
1668602397,2.9,6.4,7717502976,0,0,58795,165801
1668602398,1.6,6.4,7724310528,0,0,59059,166696
1668602399,4.9,6.4,7716904960,0,0,59323,167594
1668602400,2.0,6.4,7714787328,0,0,59587,168491
1668602401,2.1,6.4,7715004416,0,0,59851,169388
1668602402,1.4,6.4,7717093376,0,0,60115,170283
1668602403,3.9,6.4,7719419904,0,0,60379,171180
1668602404,3.7,6.4,7722418176,0,0,60643,172077
1668602405,2.1,6.4,7723577344,0,0,60907,172973
1668602406,2.0,6.4,7722971136,0,0,61171,173870
1668602407,2.8,6.4,7720960000,0,0,61435,174766
1668602408,2.1,6.4,7722819584,0,0,61699,175662
1668602409,2.2,6.4,7723102208,0,0,61963,176559
1668602410,1.8,6.4,7722156032,0,0,62227,177456
1668602411,1.9,6.4,7719432192,0,0,62491,178353
1668602412,1.9,6.4,7714152448,0,0,62755,179249
1668602413,1.2,6.4,7722127360,0,0,63019,180145
1668602414,3.5,6.4,7723347968,0,0,63283,181041
1668602415,2.8,6.4,7725170688,42,42,63589,181978
1668602416,2.8,6.4,7728046080,0,0,63853,182881
1668602417,3.6,6.4,7726714880,0,0,64117,183777
1668602418,2.3,6.4,7726653440,0,0,64381,184671
1668602419,1.6,6.4,7728955392,0,0,64645,185567
1668602420,1.4,6.4,7728594944,0,0,64909,186464
1668602421,2.4,6.4,7726252032,0,0,65173,187361
1668602422,1.8,6.4,7727542272,0,0,65437,188257
1668602423,4.0,6.4,7724441600,0,0,65701,189152
1668602424,3.2,6.4,7723778048,0,0,65965,190048
1668602425,1.7,6.4,7724347392,0,0,66229,190944
1668602426,1.8,6.4,7726624768,0,0,66493,191841
1668602427,2.4,6.4,7722233856,0,0,66757,192738
1668602428,2.9,6.4,7724912640,0,0,67021,193635
1668602429,2.9,6.4,7724609536,0,0,67285,194530
1668602430,1.4,6.4,7720919040,0,0,67549,195428
1668602431,2.9,6.4,7724093440,0,0,67813,196325
1668602432,0.8,6.4,7723565056,0,0,68077,197223
1668602433,1.3,6.4,7724982272,0,0,68341,198120
1668602434,1.7,6.4,7728881664,0,0,68605,199017
1668602435,3.1,6.4,7728017408,0,0,68869,199912
1668602436,1.6,6.4,7727525888,0,0,69133,200808
1668602437,2.9,6.4,7730409472,0,0,69397,201701
1668602438,1.8,6.4,7728726016,0,0,69661,202597
1668602439,2.6,6.4,7727099904,0,0,69925,203493
1668602440,2.5,6.4,7721095168,0,0,70189,204389
1668602441,1.8,6.4,7727706112,0,0,70453,205285
1668602442,1.5,6.4,7727284224,0,0,70717,206180
1668602443,4.5,6.4,7733133312,0,0,70981,207076
1668602444,3.7,6.4,7730843648,0,0,71245,207973
1668602445,2.1,6.4,7735914496,42,42,71551,208909
1668602446,1.3,6.4,7736270848,0,0,71815,209814
1668602447,3.6,6.4,7729733632,0,0,72079,210709
1668602448,1.6,6.4,7726977024,0,0,72343,211605
1668602449,1.7,6.4,7726157824,0,0,72607,212501
1668602450,14.8,6.4,7767674880,0,0,72871,213398
1668602451,20.1,6.5,7806558208,0,0,73135,214294
1668602452,5.9,6.5,7850393600,0,0,73399,215191
1668602453,1.6,6.5,7856906240,0,0,73663,216088
1668602454,2.4,6.5,7858536448,0,0,73927,216985
1668602455,1.7,6.5,7863631872,0,0,74191,217881
1668602456,2.2,6.5,7864745984,0,0,74455,218778
1668602457,3.9,6.5,7868043264,0,0,74719,219674
1668602458,12.3,6.6,7921037312,42,0,75025,220572
1668602459,16.9,6.6,7922003968,42,0,75331,221473
1668602460,12.5,6.6,7969153024,84,0,75679,222376
1668602461,10.2,6.6,7983427584,0,0,75943,223279
1668602462,7.3,6.6,7984631808,0,0,76207,224178
1668602463,10.7,6.6,7989342208,0,0,76471,225074
1668602464,10.2,6.6,7989235712,0,0,76735,225972
1668602465,11.1,6.6,7955062784,0,0,76999,226871
1668602466,8.3,6.6,7955181568,70,0,77333,227769
1668602467,9.6,6.6,8004808704,0,0,77597,228671
1668602468,7.1,6.6,7970758656,216,379,77879,229502
1668602469,8.6,6.6,7990939648,42,0,78185,230410
1668602470,9.1,6.6,7991836672,0,0,78449,231311
1668602471,9.1,6.6,7993204736,0,0,78713,232209
1668602472,15.2,6.7,8050135040,0,0,78977,233106
1668602473,38.8,6.7,8098766848,0,0,79241,234002
1668602474,40.3,6.7,8144269312,0,0,79505,234898
1668602475,45.6,6.8,8281616384,0,0,79769,235796
1668602476,43.8,7.0,8452329472,126,42,80159,236734
1668602477,35.9,7.0,8471855104,84,0,80507,237641
1668602478,34.2,6.9,8371380224,84,0,80855,238542
1668602479,36.9,6.9,8404725760,84,0,81203,239444
1668602480,52.6,7.1,8572583936,42,0,81509,240346
1668602481,66.3,7.2,8755531776,0,0,81773,241245
1668602482,67.0,7.3,8948285440,42,0,82079,242144
1668602483,62.9,7.4,9091092480,126,0,82469,243047
1668602484,50.0,7.5,9164201984,126,0,82859,243951
1668602485,45.7,7.6,9263255552,84,0,83207,244855
1668602486,39.5,7.6,9347366912,0,0,83471,245757
1668602487,32.3,7.7,9404948480,0,0,83735,246653
1668602488,28.4,7.7,9450381312,0,0,83999,247551
1668602489,33.0,7.8,9579995136,0,0,84263,248449
1668602490,24.2,7.8,9594945536,42,0,84569,249346
1668602491,27.9,7.9,9691414528,42,0,84875,250248
1668602492,43.9,7.9,9696813056,84,0,85223,251151
1668602493,54.4,7.9,9747968000,42,0,85529,252053
1668602494,57.9,7.9,9771859968,42,0,85835,252953
1668602495,48.8,7.9,9776918528,84,0,86183,253855
1668602496,41.2,8.0,9796116480,84,0,86531,254758
1668602497,49.0,8.0,9803972608,168,0,86963,255658
1668602498,38.5,8.0,9846165504,84,0,87311,256560
1668602499,52.9,8.0,9856802816,84,0,87659,257463
1668602500,56.3,8.0,9828388864,42,0,87965,258365
1668602501,46.8,8.0,9812992000,0,0,88229,259267
1668602502,38.3,8.0,9801981952,84,0,88577,260165
1668602503,40.9,8.0,9825001472,0,0,88841,261067
1668602504,39.1,8.0,9845936128,84,0,89189,261965
1668602505,39.2,8.0,9875763200,42,0,89495,262867
1668602506,37.4,8.0,9832656896,0,0,89759,263767
1668602507,50.3,8.0,9820340224,42,42,90065,264708
1668602508,37.4,8.0,9832103936,42,0,90371,265611
1668602509,40.6,8.0,9820450816,42,0,90677,266513
1668602510,43.1,8.0,9860681728,0,0,90941,267414
1668602511,35.3,8.0,9813409792,0,0,91205,268312
1668602512,31.1,8.0,9822134272,0,0,91469,269209
1668602513,29.2,8.0,9821642752,0,0,91733,270106
1668602514,29.6,8.0,9822142464,0,0,91997,271005
1668602515,28.6,8.0,9832587264,0,0,92261,271903
1668602516,26.9,8.0,9839456256,42,0,92567,272801
1668602517,28.0,8.0,9855479808,0,0,92831,273701
1668602518,27.2,8.0,9875517440,42,0,93137,274600
1668602519,27.6,8.0,9854554112,42,0,93443,275500
1668602520,28.6,8.0,9877692416,0,0,93707,276403
1668602521,32.4,8.0,9911230464,42,0,94013,277301
1668602522,23.9,8.0,9889632256,42,0,94319,278202
1668602523,30.2,8.1,9919782912,42,0,94625,279103
1668602524,30.1,8.1,9936011264,0,0,94889,280004
1668602525,27.5,8.1,9927696384,42,0,95195,280901
1668602526,29.9,8.1,9964077056,42,0,95501,281802
1668602527,29.6,8.1,9941921792,0,0,95765,282702
1668602528,28.0,8.1,9965260800,0,0,96029,283601
1668602529,27.1,8.0,9886957568,42,0,96335,284500
1668602530,30.8,8.1,9918664704,0,0,96599,285403
1668602531,33.1,8.1,9913794560,0,0,96863,286300
1668602532,28.9,8.1,9919434752,0,0,97127,287198
1668602533,28.5,8.0,9911758848,0,0,97391,288096
1668602534,28.7,8.0,9910734848,0,0,97655,288992
1668602535,24.9,8.1,9937104896,0,0,97919,289890
1668602536,26.1,8.1,9931534336,42,0,98225,290786
1668602537,31.0,8.1,9958838272,84,42,98573,291729
1668602538,29.8,8.1,9968820224,0,0,98837,292636
1668602539,32.6,8.1,9987002368,42,0,99143,293532
1668602540,33.6,8.1,10000216064,42,0,99449,294434
1668602541,33.6,8.1,10045202432,0,0,99713,295334
1668602542,29.4,8.2,10083065856,42,0,100019,296231
1668602543,28.8,8.2,10059755520,42,0,100325,297133
1668602544,36.4,8.1,10041774080,198,0,100787,298035
1668602545,32.7,8.2,10068131840,216,0,101267,298937
1668602546,33.2,8.2,10093428736,42,0,101573,299840
1668602547,35.5,8.2,10085384192,42,0,101879,300741
1668602548,30.8,8.2,10082217984,132,380,102077,301577
1668602549,31.1,8.2,10065645568,0,0,102341,302486
1668602550,28.7,8.2,10081611776,0,0,102605,303383
1668602551,27.1,8.2,10096787456,0,0,102869,304282
1668602552,28.3,8.2,10070937600,0,0,103133,305181
1668602553,32.2,8.2,10114945024,0,0,103397,306080
1668602554,30.3,8.2,10102284288,0,0,103661,306978
1668602555,30.0,8.2,10156814336,0,0,103925,307878
1668602556,34.4,8.3,10183491584,84,0,104273,308777
1668602557,31.3,8.2,10177548288,42,0,104579,309681
1668602558,31.6,8.2,10164232192,0,0,104843,310584
1668602559,41.8,8.2,10175291392,84,0,105191,311481
1668602560,30.9,8.2,10113351680,0,0,105455,312384
1668602561,30.7,8.2,10103824384,84,0,105803,313284
1668602562,40.3,8.2,10151641088,84,0,106151,314186
1668602563,45.1,8.2,10076463104,42,0,106457,315090
1668602564,35.3,8.1,10040012800,42,0,106763,315994
1668602565,37.2,8.2,10065068032,42,0,107069,316896
1668602566,39.1,8.1,10043580416,0,0,107333,317800
1668602567,37.5,8.1,10037235712,42,0,107639,318699
1668602568,33.9,8.2,10099470336,84,42,107987,319644
1668602569,33.9,8.2,10094399488,0,0,108251,320551
1668602570,40.4,8.2,10111483904,0,0,108515,321449
1668602571,40.3,8.2,10107031552,0,0,108779,322349
1668602572,35.5,8.2,10113536000,0,0,109043,323249
1668602573,34.8,8.2,10140536832,42,0,109349,324149
1668602574,34.8,8.0,9846374400,240,0,109853,325052
1668602575,29.2,8.0,9846255616,150,0,110267,325956
1668602576,39.1,8.0,9877999616,108,0,110639,326861
1668602577,37.4,7.9,9741950976,108,0,111011,327764
1668602578,24.9,7.9,9673015296,264,0,111539,328669
1668602579,20.3,7.9,9672032256,66,0,111869,329574
1668602580,24.3,7.9,9673383936,0,0,112133,330477
1668602581,25.9,7.9,9720041472,108,0,112505,331375
1668602582,29.8,7.9,9698111488,84,0,112853,332279
1668602583,32.4,7.9,9759559680,84,0,113201,333182
1668602584,26.1,7.9,9767915520,108,0,113573,334084
1668602585,24.4,8.0,9783631872,42,0,113879,334987
1668602586,27.2,8.0,9778954240,42,0,114185,335891
1668602587,24.8,7.9,9775206400,42,0,114491,336795
1668602588,25.5,7.9,9666666496,42,0,114797,337695
1668602589,21.5,7.9,9658531840,306,541,115103,338466
1668602590,23.7,7.9,9660231680,174,0,115541,339373
1668602591,33.2,7.9,9670156288,174,0,115979,340275
1668602592,34.3,7.9,9668476928,0,0,116243,341179
1668602593,36.6,7.9,9716936704,108,0,116615,342077
1668602594,36.9,7.9,9731731456,42,0,116921,342981
1668602595,37.3,7.9,9739640832,42,0,117227,343885
1668602596,33.8,7.7,9439080448,108,0,117599,344788
1668602597,23.3,7.7,9433202688,306,0,118169,345691
1668602598,23.7,7.5,9189568512,348,42,118781,346637
1668602599,28.4,7.5,9234960384,438,0,119483,347545
1668602600,25.2,7.5,9170997248,306,542,119789,348316
1668602601,25.3,7.5,9172258816,108,0,120161,349224
1668602602,24.8,7.5,9188052992,108,0,120533,350129
1668602603,22.8,7.5,9190907904,108,0,120905,351034
1668602604,18.5,7.5,9180209152,198,0,121367,351939
1668602605,17.5,7.5,9225060352,108,0,121739,352844
1668602606,19.9,7.5,9225764864,42,0,122045,353749
1668602607,19.7,7.6,9245278208,84,0,122393,354652
1668602608,22.1,7.4,9100189696,84,0,122741,355555
1668602609,14.8,7.4,9089916928,258,0,123263,356457
1668602610,12.0,7.3,8912531456,480,0,124007,357361
1668602611,10.2,7.3,8956157952,282,0,124553,358264
1668602612,9.9,7.3,8960512000,150,0,124967,359168
1668602613,9.1,7.3,8961708032,216,0,125447,360069
1668602614,7.9,7.3,8962002944,84,0,125795,360973
1668602615,7.7,7.3,8961892352,84,0,126143,361875
1668602616,10.7,7.3,8964288512,216,0,126623,362777
1668602617,9.1,7.4,8996888576,192,0,127079,363681
1668602618,7.4,7.4,9002283008,126,0,127469,364583
1668602619,8.5,7.4,9003749376,42,0,127775,365487
1668602620,8.9,7.4,9001242624,84,0,128123,366389
1668602621,8.7,7.4,9001156608,126,0,128513,367289
1668602622,9.1,7.4,9005854720,84,0,128861,368190
1668602623,10.7,7.4,9008058368,216,0,129341,369093
1668602624,10.9,7.4,9059618816,126,0,129731,369997
1668602625,9.1,7.4,9066033152,168,0,130163,370900
1668602626,10.2,7.4,9070727168,168,0,130595,371802
1668602627,7.7,7.4,9061269504,84,0,130943,372706
1668602628,8.6,7.4,9062678528,42,0,131249,373606
1668602629,8.1,7.4,9071738880,42,42,131555,374551
1668602630,8.1,7.4,9069350912,42,0,131861,375455
1668602631,10.1,7.5,9119772672,84,0,132209,376358
1668602632,8.9,7.5,9122648064,126,0,132599,377262
1668602633,8.5,7.5,9123180544,126,0,132989,378163
1668602634,8.0,7.5,9122222080,84,0,133337,379063
1668602635,8.4,7.5,9122074624,42,0,133643,379963
1668602636,11.7,7.5,9116614656,108,0,134015,380865
1668602637,7.1,7.5,9129000960,192,0,134471,381770
1668602638,10.1,7.5,9175851008,168,0,134903,382673
1668602639,8.3,7.5,9189928960,168,0,135335,383576
1668602640,7.6,7.5,9177292800,84,0,135683,384479
1668602641,10.3,7.5,9179361280,84,0,136031,385380
1668602642,8.3,7.5,9177878528,84,0,136379,386283
1668602643,10.7,7.5,9180741632,126,0,136769,387185
1668602644,10.4,7.5,9186701312,126,0,137159,388090
1668602645,8.4,7.5,9235537920,126,0,137549,388993
1668602646,11.4,7.5,9235677184,126,0,137939,389893
1668602647,7.8,7.5,9234386944,84,0,138287,390795
1668602648,7.1,7.5,9233432576,42,0,138593,391695
1668602649,10.0,7.5,9230237696,42,0,138899,392596
1668602650,7.4,7.5,9229385728,126,0,139289,393499
1668602651,8.3,7.5,9235099648,126,0,139679,394400
1668602652,9.1,7.6,9260285952,168,0,140111,395302
1668602653,9.1,7.6,9308766208,84,0,140459,396205
1668602654,8.9,7.6,9316720640,84,0,140807,397108
1668602655,7.1,7.6,9316093952,0,0,141071,398009
1668602656,10.0,7.6,9313210368,42,0,141377,398907
1668602657,6.9,7.6,9314111488,42,0,141683,399810
1668602658,7.5,7.6,9316413440,126,0,142073,400711
1668602659,9.2,7.6,9310973952,126,0,142463,401615
1668602660,7.8,7.6,9337724928,126,0,142853,402517
1668602661,9.7,7.7,9380376576,42,0,143159,403419
1668602662,10.2,7.7,9379368960,42,0,143465,404320
1668602663,11.5,7.7,9381900288,126,0,143855,405222
1668602664,10.0,7.7,9381392384,210,0,144329,406124
1668602665,6.8,7.7,9383923712,252,0,144845,407027
1668602666,10.4,7.7,9385091072,168,0,145277,407930
1668602667,7.9,7.7,9386381312,84,0,145625,408834
1668602668,9.2,7.7,9423978496,0,0,145889,409735
1668602669,8.3,7.7,9461194752,84,42,146237,410675
1668602670,7.5,7.7,9464389632,84,0,146585,411581
1668602671,9.9,7.7,9464614912,84,0,146933,412483
1668602672,8.5,7.7,9460600832,126,0,147323,413384
1668602673,8.7,7.7,9461403648,84,0,147671,414284
1668602674,8.6,7.7,9462198272,84,0,148019,415187
1668602675,7.1,7.7,9462910976,42,0,148325,416090
1668602676,11.0,7.7,9482637312,126,0,148715,416993
1668602677,8.1,7.8,9532821504,126,0,149105,417898
1668602678,7.8,7.8,9535381504,126,0,149495,418800
1668602679,9.0,7.8,9534062592,42,0,149801,419703
1668602680,7.4,7.8,9531678720,42,0,150107,420603
1668602681,8.7,7.8,9532796928,0,0,150371,421505
1668602682,8.9,7.8,9534767104,0,0,150635,422403
1668602683,11.9,7.8,9537142784,0,0,150899,423297
1668602684,9.4,7.8,9538400256,0,0,151163,424196
1668602685,7.6,7.8,9583362048,42,0,151469,425094
1668602686,11.3,7.8,9619238912,42,0,151775,425996
1668602687,7.6,7.8,9621938176,42,0,152081,426899
1668602688,7.7,7.8,9623457792,0,0,152345,427801
1668602689,8.0,7.8,9618874368,84,0,152693,428698
1668602690,7.4,7.8,9618485248,84,0,153041,429598
1668602691,11.0,7.8,9629310976,168,0,153473,430501
1668602692,8.1,7.8,9621696512,126,0,153863,431405
1668602693,7.7,7.8,9620180992,126,0,154253,432308
1668602694,9.6,7.9,9651597312,42,0,154559,433211
1668602695,7.1,7.9,9699622912,0,0,154823,434114
1668602696,11.2,7.9,9698299904,0,0,155087,435009
1668602697,7.7,7.9,9695371264,0,0,155351,435908
1668602698,8.9,7.9,9697533952,42,0,155657,436805
1668602699,8.3,7.9,9694400512,42,0,155963,437708
1668602700,8.7,7.9,9694990336,42,0,156269,438611
1668602701,8.4,7.9,9693544448,0,0,156533,439513
1668602702,9.8,7.9,9701150720,0,0,156797,440409
1668602703,10.1,7.9,9699254272,0,0,157061,441305
1668602704,11.1,7.9,9720438784,0,0,157325,442203
1668602705,7.8,8.0,9779367936,0,0,157589,443099
1668602706,11.8,8.0,9793613824,0,0,157853,443997
1668602707,8.5,8.0,9794605056,0,0,158117,444897
1668602708,7.4,8.0,9794818048,0,0,158381,445795
1668602709,9.4,8.0,9789562880,0,0,158645,446693
1668602710,7.2,8.0,9794895872,0,0,158909,447592
1668602711,8.9,8.0,9796526080,42,42,159215,448532
1668602712,8.8,8.0,9796640768,0,0,159479,449437
1668602713,9.4,8.0,9795973120,0,0,159743,450334
1668602714,10.1,8.0,9798217728,0,0,160007,451232
1668602715,7.1,8.0,9795518464,0,0,160271,452131
1668602716,9.1,8.0,9792512000,0,0,160535,453030
1668602717,9.2,8.0,9797468160,0,0,160799,453927
1668602718,7.4,8.0,9818619904,0,0,161063,454825
1668602719,8.9,8.0,9860145152,66,0,161327,455723
1668602720,7.8,8.0,9885745152,0,0,161591,456626
1668602721,10.4,8.0,9885253632,0,0,161855,457522
1668602722,9.4,8.0,9877004288,0,0,162119,458419
1668602723,11.4,8.0,9875808256,0,0,162383,459315
1668602724,10.0,8.0,9872613376,0,0,162647,460214
1668602725,7.5,8.0,9875435520,0,0,162911,461113
1668602726,9.8,8.0,9867726848,0,0,163175,462009
1668602727,7.5,8.0,9868541952,0,0,163439,462908
1668602728,10.1,8.0,9870970880,0,0,163703,463807
1668602729,8.3,8.0,9865228288,0,0,163967,464707
1668602730,8.0,8.0,9869856768,0,0,164231,465605
1668602731,7.9,8.0,9868652544,0,0,164495,466504
1668602732,8.8,8.0,9884155904,0,0,164759,467401
1668602733,8.2,8.1,9940111360,0,0,165023,468298
1668602734,9.4,8.1,9973989376,0,0,165287,469196
1668602735,7.3,8.1,9980104704,70,0,165621,470093
1668602736,10.8,8.1,9977409536,0,0,165885,470995
1668602737,8.1,8.1,9977823232,0,0,166149,471894
1668602738,8.4,8.1,9977831424,0,0,166413,472792
1668602739,9.0,8.1,9977335808,132,237,166677,473691
1668602740,7.8,8.1,9979015168,0,0,166941,474600
1668602741,8.7,8.1,9979486208,0,0,167205,475497
1668602742,9.2,8.1,9983815680,0,0,167469,476393
1668602743,11.6,8.1,9983827968,0,0,167733,477291
1668602744,10.5,8.1,9984569344,0,0,167997,478188
1668602745,9.3,8.1,9981538304,0,0,168261,479086
1668602746,8.9,8.1,9979678720,0,0,168525,479983
1668602747,8.3,8.1,9979416576,0,0,168789,480882
1668602748,7.1,8.1,9993986048,0,0,169053,481781
1668602749,9.2,8.1,10016497664,0,0,169317,482680
1668602750,8.8,8.2,10060812288,0,0,169581,483578
1668602751,8.9,8.2,10073096192,0,0,169845,484476
1668602752,9.4,8.2,10073501696,42,42,170151,485416
1668602753,7.7,8.2,10073800704,0,0,170415,486321
1668602754,8.5,8.2,10073800704,0,0,170679,487220
1668602755,8.4,8.2,10075607040,0,0,170943,488118
1668602756,9.6,8.2,10071175168,0,0,171207,489016
1668602757,7.6,8.2,10072039424,0,0,171471,489911
1668602758,10.2,8.2,10074800128,0,0,171735,490809
1668602759,8.4,8.2,10070032384,0,0,171999,491707
1668602760,8.4,8.2,10075033600,0,0,172263,492606
1668602761,8.2,8.2,10082045952,0,0,172527,493502
1668602762,7.8,8.2,10090618880,0,0,172791,494401
1668602763,6.5,8.2,10090913792,0,0,173055,495299
1668602764,10.3,8.2,10094071808,0,0,173319,496196
1668602765,8.6,8.2,10093985792,0,0,173583,497094
1668602766,10.5,8.2,10103730176,132,236,173847,497991
1668602767,8.5,8.2,10125697024,0,0,174111,498900
1668602768,7.3,8.2,10153779200,0,0,174375,499796
1668602769,8.3,8.2,10177667072,0,0,174639,500691
1668602770,8.9,8.3,10210803712,0,0,174903,501589
1668602771,8.1,8.3,10233810944,0,0,175167,502487
1668602772,8.5,8.3,10261057536,0,0,175431,503385
1668602773,9.2,8.3,10287140864,0,0,175695,504283
1668602774,8.1,8.4,10319732736,0,0,175959,505181
1668602775,8.6,8.4,10342752256,0,0,176223,506078
1668602776,9.1,8.4,10363367424,0,0,176487,506977
1668602777,10.3,8.4,10415063040,132,379,176685,507808
1668602778,13.7,8.5,10451177472,42,0,176991,508716
1668602779,16.3,8.5,10478215168,42,0,177297,509619
1668602780,10.3,8.5,10497126400,0,0,177561,510522
1668602781,8.0,8.5,10525880320,0,0,177825,511420
1668602782,11.5,8.5,10554896384,0,0,178089,512317
1668602783,10.3,8.6,10582953984,42,0,178395,513216
1668602784,9.4,8.6,10617479168,42,0,178701,514119
1668602785,7.5,8.6,10647285760,42,0,179007,515022
1668602786,9.4,8.6,10675023872,0,0,179271,515924
1668602787,7.8,8.6,10687639552,132,380,179469,516757
1668602788,9.8,8.3,10677858304,0,0,179733,517666
1668602789,8.5,8.3,10673766400,132,379,179931,518498
1668602790,8.9,8.3,10663714816,0,0,180195,519406
1668602791,7.6,8.3,10658058240,0,0,180459,520303
1668602792,8.3,8.3,10661642240,0,0,180723,521200
1668602793,9.0,8.3,10660962304,42,42,181029,522140
1668602794,8.2,8.3,10665390080,0,0,181293,523046
1668602795,7.9,8.3,10666512384,0,0,181557,523943
1668602796,10.1,8.3,10664288256,0,0,181821,524841
1668602797,8.7,8.3,10665451520,0,0,182085,525740
1668602798,7.3,8.3,10666024960,0,0,182349,526638
1668602799,9.2,8.3,10665811968,0,0,182613,527534
1668602800,9.0,8.3,10666803200,0,0,182877,528430
1668602802,7.0,8.3,10667261952,0,0,183141,529328
1668602803,11.2,8.0,10300289024,0,0,183405,530226
1668602804,9.9,8.0,10300502016,0,0,183669,531125
1668602805,9.8,8.0,10303340544,0,0,183933,532023
1668602806,8.1,7.9,10105331712,0,0,184197,532921
1668602807,8.9,7.9,10103787520,0,0,184461,533819
1668602808,7.4,7.9,10105401344,0,0,184725,534716
1668602809,7.4,7.9,10105090048,0,0,184989,535613
1668602810,8.3,7.9,10102243328,0,0,185253,536510
1668602811,9.5,7.9,10103136256,0,0,185517,537406
1668602812,9.0,7.9,10098610176,0,0,185781,538304
1668602813,8.7,7.9,10104209408,0,0,186045,539203
1668602814,8.1,7.9,10095083520,0,0,186309,540102
1668602815,8.6,7.9,10092044288,0,0,186573,541000
1668602816,7.7,7.9,10090860544,0,0,186837,541896
1668602817,10.3,7.9,10090348544,0,0,187101,542792
1668602818,6.6,7.9,10088566784,0,0,187365,543689
1668602819,9.4,7.9,10087563264,0,0,187629,544586
1668602820,9.1,7.9,10086432768,0,0,187893,545485
1668602821,8.5,7.9,10086789120,0,0,188157,546381
1668602822,7.3,7.9,10085449728,0,0,188421,547279
1668602823,10.8,7.9,10089738240,0,0,188685,548176
1668602824,9.4,7.9,10088423424,0,0,188949,549073
1668602825,11.0,7.9,10090180608,0,0,189213,549969
1668602826,8.7,7.9,10088869888,0,0,189477,550867
1668602827,9.7,7.9,10086580224,0,0,189741,551765
1668602828,8.0,7.9,10087706624,0,0,190005,552664
1668602829,7.6,7.9,10085597184,0,0,190269,553562
1668602830,8.9,7.9,10083983360,0,0,190533,554460
1668602831,8.5,7.9,10086526976,0,0,190797,555359
1668602832,7.9,7.9,10086858752,132,237,191061,556257
1668602833,8.0,7.9,10083971072,0,0,191325,557164
1668602834,9.2,7.9,10083688448,42,42,191631,558101
1668602835,10.1,7.9,10084098048,0,0,191895,559008
1668602836,7.9,7.9,10085502976,0,0,192159,559904
1668602837,8.4,7.9,10083590144,0,0,192423,560803
1668602838,7.9,7.9,10085105664,0,0,192687,561700
1668602839,8.3,7.8,10081853440,0,0,192951,562598
1668602840,8.7,7.9,10082742272,0,0,193215,563496
1668602841,9.1,7.8,10081501184,0,0,193479,564394
1668602842,7.8,7.9,10083061760,0,0,193743,565291
1668602843,11.1,7.9,10088472576,0,0,194007,566189
1668602844,9.1,7.9,10089791488,0,0,194271,567087
1668602845,10.7,7.9,10090024960,0,0,194535,567982
1668602846,7.6,7.9,10091798528,0,0,194799,568880
1668602847,8.7,7.9,10088845312,0,0,195063,569776
1668602848,7.9,7.9,10087837696,0,0,195327,570670
1668602849,9.0,7.9,10091151360,0,0,195591,571567
1668602850,9.8,7.9,10088398848,0,0,195855,572464
1668602851,8.4,7.9,10091671552,0,0,196119,573362
1668602852,7.1,7.9,10089283584,0,0,196383,574259
1668602853,8.4,7.9,10093641728,0,0,196647,575156
1668602854,8.5,7.9,10092716032,0,0,196911,576054
1668602855,8.6,7.9,10098962432,0,0,197175,576950
1668602856,9.0,7.9,10094866432,0,0,197439,577849
1668602857,10.0,7.9,10090688512,0,0,197703,578747
1668602858,6.9,7.9,10089549824,0,0,197967,579645
1668602859,8.0,7.9,10089676800,0,0,198231,580543
1668602860,9.8,7.9,10087968768,0,0,198495,581437
1668602861,8.5,7.9,10088648704,0,0,198759,582332
1668602862,6.8,7.9,10086817792,0,0,199023,583228
1668602863,11.0,7.9,10097258496,0,0,199287,584126
1668602864,10.0,7.9,10094911488,0,0,199551,585024
1668602865,11.2,7.9,10084454400,0,0,199815,585922
1668602866,8.1,7.9,10083459072,0,0,200079,586822
1668602867,9.0,7.8,10078482432,0,0,200343,587720
1668602868,7.9,7.8,10078871552,0,0,200607,588618
1668602869,7.9,7.8,10078535680,0,0,200871,589517
1668602870,8.7,7.8,10077933568,0,0,201135,590414
1668602871,9.9,7.8,10079518720,0,0,201399,591312
1668602872,8.4,7.8,10081284096,0,0,201663,592210
1668602873,7.4,7.9,10082742272,0,0,201927,593109
1668602874,7.5,7.9,10082762752,0,0,202191,594008
1668602875,10.6,7.9,10085371904,42,42,202497,594947
1668602876,7.7,7.9,10086469632,0,0,202761,595854
1668602877,9.7,7.9,10084057088,0,0,203025,596752
1668602878,7.7,7.9,10083590144,0,0,203289,597651
1668602879,9.0,7.8,10081038336,0,0,203553,598550
1668602880,9.0,7.8,10079444992,0,0,203817,599444
1668602881,8.5,7.8,10082037760,0,0,204081,600342
1668602882,7.3,7.8,10081271808,0,0,204345,601239
1668602883,10.9,7.9,10086793216,0,0,204609,602138
1668602884,8.8,7.9,10086203392,0,0,204873,603038
1668602885,10.3,7.9,10087878656,0,0,205137,603935
1668602886,8.2,7.9,10087501824,0,0,205401,604833
1668602887,9.6,7.9,10087960576,0,0,205665,605731
1668602888,7.2,7.9,10088181760,0,0,205929,606629
1668602889,9.4,7.9,10083770368,0,0,206193,607522
1668602890,8.8,7.8,10080628736,0,0,206457,608420
1668602891,8.0,7.8,10079838208,0,0,206721,609317
1668602892,8.1,7.8,10078912512,0,0,206985,610215
1668602893,7.8,7.9,10083016704,0,0,207249,611114
1668602894,8.9,7.9,10082930688,0,0,207513,612012
1668602895,9.2,7.9,10084347904,0,0,207777,612910
1668602896,7.7,7.9,10084274176,0,0,208041,613805
1668602897,8.9,7.9,10083020800,0,0,208305,614703
1668602898,7.0,7.9,10083364864,0,0,208569,615600
1668602899,9.1,7.8,10080788480,0,0,208833,616499
1668602900,8.6,7.8,10079567872,0,0,209097,617394
1668602901,8.9,7.9,10084433920,132,380,209295,618225
1668602902,9.0,7.9,10085216256,0,0,209559,619134
1668602903,10.1,7.9,10082791424,0,0,209823,620030
1668602904,9.8,7.8,10077761536,0,0,210087,620927
1668602905,9.7,7.9,10082967552,0,0,210351,621825
1668602906,8.8,7.8,10080804864,0,0,210615,622724
1668602907,9.0,7.8,10068008960,0,0,210879,623621
1668602908,8.0,7.8,10067030016,0,0,211143,624519
1668602909,8.6,7.8,10069966848,0,0,211407,625418
1668602910,8.2,7.8,10070147072,0,0,211671,626316
1668602911,9.2,7.8,10072481792,0,0,211935,627215
1668602912,7.4,7.8,10068291584,0,0,212199,628110
1668602913,7.6,7.8,10074075136,0,0,212463,629008
1668602914,8.3,7.8,10073833472,0,0,212727,629907
1668602915,9.4,7.8,10081763328,0,0,212991,630805
1668602916,8.3,7.9,10083004416,42,42,213297,631743
1668602917,10.5,7.8,10079612928,0,0,213561,632648
1668602918,7.4,7.8,10080825344,0,0,213825,633546
1668602919,7.8,7.8,10078404608,0,0,214089,634444
1668602920,8.7,7.8,10079940608,0,0,214353,635343
1668602921,9.3,7.8,10079375360,0,0,214617,636242
1668602922,7.4,7.9,10082197504,0,0,214881,637140
1668602923,11.4,7.9,10085175296,0,0,215145,638039
1668602924,9.6,7.9,10084904960,0,0,215409,638937
1668602925,11.0,7.9,10085384192,0,0,215673,639835
1668602926,7.8,7.9,10085748736,0,0,215937,640734
1668602927,9.2,7.8,10081955840,0,0,216201,641632
1668602928,8.4,7.9,10082615296,0,0,216465,642531
1668602929,7.6,7.9,10086752256,0,0,216729,643429
1668602930,8.8,7.8,10079977472,0,0,216993,644327
1668602931,8.9,7.8,10078601216,0,0,217257,645226
1668602932,9.1,7.9,10085400576,66,0,217521,646122
1668602933,7.4,7.9,10085572608,0,0,217785,647024
1668602934,7.1,7.9,10086776832,0,0,218049,647921
1668602935,10.0,7.9,10088804352,0,0,218313,648819
1668602936,7.7,7.9,10089873408,0,0,218577,649716
1668602937,9.5,7.9,10084540416,0,0,218841,650614
1668602938,8.6,7.9,10086326272,0,0,219105,651511
1668602939,9.4,7.9,10086084608,0,0,219369,652408
1668602940,9.1,7.8,10081837056,0,0,219633,653306
1668602941,9.0,7.9,10085228544,0,0,219897,654205
1668602942,7.5,7.9,10086125568,0,0,220161,655103
1668602943,10.9,7.9,10087968768,0,0,220425,656001
1668602944,8.5,7.9,10089226240,0,0,220689,656900
1668602945,10.2,7.9,10090323968,0,0,220953,657795
1668602946,9.3,7.9,10090446848,0,0,221217,658693
1668602947,9.4,7.9,10082357248,0,0,221481,659591
1668602948,7.4,7.8,10081902592,0,0,221745,660490
1668602949,7.3,7.8,10081808384,0,0,222009,661387
1668602950,9.8,7.8,10081300480,0,0,222273,662285
1668602951,9.2,7.8,10078097408,0,0,222537,663181
1668602952,7.6,7.8,10079494144,0,0,222801,664079
1668602953,9.6,7.8,10078212096,0,0,223065,664978
1668602954,7.0,7.8,10079485952,0,0,223329,665876
1668602955,10.1,7.9,10084474880,0,0,223593,666775
1668602956,8.5,7.9,10085036032,0,0,223857,667674
1668602957,8.5,7.9,10082541568,42,42,224163,668614
1668602958,7.1,7.9,10084208640,0,0,224427,669520
1668602959,7.6,7.8,10081513472,0,0,224691,670419
1668602960,10.0,7.9,10083459072,0,0,224955,671318
1668602961,8.8,7.9,10083610624,132,236,225219,672216
1668602962,8.0,7.9,10086670336,0,0,225483,673124
1668602963,10.8,7.9,10088128512,0,0,225747,674020
1668602964,8.6,7.9,10089717760,0,0,226011,674916
1668602965,10.7,7.9,10092756992,0,0,226275,675810
1668602966,8.5,7.9,10093244416,0,0,226539,676707
1668602967,8.1,7.9,10091814912,0,0,226803,677605
1668602968,8.9,7.9,10091753472,0,0,227067,678502
1668602969,9.0,7.9,10091868160,0,0,227331,679398
1668602970,8.9,7.9,10088321024,0,0,227595,680293
1668602971,8.3,7.9,10094526464,0,0,227859,681190
1668602972,8.0,7.9,10086608896,0,0,228123,682087
1668602973,7.4,7.9,10085613568,0,0,228387,682985
1668602974,7.6,7.9,10086436864,0,0,228651,683883
1668602975,9.8,7.9,10090217472,0,0,228915,684781
1668602976,8.5,7.8,10081910784,0,0,229179,685678
1668602977,10.1,7.8,10076405760,0,0,229443,686575
1668602978,7.0,7.8,10078146560,0,0,229707,687474
1668602979,7.4,7.8,10076708864,0,0,229971,688373
1668602980,10.6,7.8,10076815360,0,0,230235,689271
1668602981,8.1,7.8,10078998528,0,0,230499,690170
1668602982,7.6,7.9,10083454976,0,0,230763,691067
1668602983,11.2,7.9,10087493632,0,0,231027,691965
1668602984,9.7,7.9,10087440384,0,0,231291,692862
1668602985,10.3,7.9,10088243200,0,0,231555,693761
1668602986,8.0,7.8,10080550912,0,0,231819,694658
1668602987,9.2,7.8,10075484160,0,0,232083,695556
1668602988,7.2,7.8,10074861568,0,0,232347,696454
1668602989,7.2,7.8,10073628672,132,379,232545,697284
1668602990,8.8,7.8,10075840512,0,0,232809,698191
1668602991,9.8,7.8,10077483008,0,0,233073,699089
1668602992,7.8,7.9,10084192256,0,0,233337,699984
1668602993,7.2,7.9,10083254272,0,0,233601,700882
1668602994,7.9,7.9,10083176448,0,0,233865,701779
1668602995,10.2,7.9,10089062400,0,0,234129,702674
1668602996,8.1,7.9,10088251392,0,0,234393,703572
1668602997,9.9,7.9,10088005632,174,421,234633,704444
1668602998,9.0,7.9,10084077568,0,0,234897,705351
1668602999,7.4,7.9,10084413440,0,0,235161,706248
1668603000,9.2,7.8,10078380032,0,0,235425,707145
1668603001,9.5,7.9,10082947072,0,0,235689,708044
1668603002,8.2,7.8,10078228480,0,0,235953,708940
1668603003,10.4,7.8,10080153600,132,380,236151,709773
1668603004,9.9,7.8,10078998528,0,0,236415,710680
1668603005,9.8,7.9,10083028992,0,0,236679,711579
1668603006,9.5,7.9,10083348480,0,0,236943,712476
1668603007,9.7,7.8,10080559104,0,0,237207,713374
1668603008,7.1,7.8,10081251328,0,0,237471,714271
1668603009,7.3,7.8,10080911360,0,0,237735,715170
1668603010,9.6,7.9,10082476032,0,0,237999,716069
1668603011,9.3,7.9,10084900864,0,0,238263,716968
1668603012,7.2,7.9,10087555072,132,380,238461,717799
1668603013,9.0,7.9,10085376000,0,0,238725,718708
1668603014,7.9,7.9,10086416384,0,0,238989,719605
1668603015,9.6,7.9,10092396544,0,0,239253,720504
1668603016,8.1,7.9,10094727168,0,0,239517,721402
1668603017,9.7,7.9,10091474944,0,0,239781,722299
1668603018,7.6,7.9,10093252608,0,0,240045,723194
1668603019,7.3,7.9,10096726016,0,0,240309,724091
1668603020,9.2,7.9,10088968192,0,0,240573,724987
1668603021,9.9,7.9,10089623552,0,0,240837,725880
1668603022,7.8,7.8,10080690176,0,0,241101,726777
1668603023,10.9,7.9,10082525184,0,0,241365,727675
1668603024,8.4,7.9,10082127872,42,42,241671,728615
1668603025,9.6,7.9,10086117376,0,0,241935,729521
1668603026,9.2,7.9,10089246720,0,0,242199,730420
1668603027,8.0,7.9,10086047744,0,0,242463,731316
1668603028,8.8,7.9,10086268928,0,0,242727,732215
1668603029,8.3,7.9,10089795584,0,0,242991,733114
1668603030,8.9,7.9,10087555072,0,0,243255,734009
1668603031,8.8,7.9,10087809024,0,0,243519,734907
1668603032,8.2,7.9,10085236736,0,0,243783,735804
1668603033,8.3,7.9,10084323328,0,0,244047,736702
1668603034,7.1,7.9,10084593664,0,0,244311,737600
1668603035,9.4,7.9,10088337408,0,0,244575,738498
1668603036,10.8,7.9,10088431616,0,0,244839,739395
1668603037,8.3,7.8,10080829440,0,0,245103,740292
1668603038,7.1,7.8,10081619968,0,0,245367,741188
1668603039,7.7,7.8,10079850496,0,0,245631,742087
1668603040,10.0,7.8,10078420992,0,0,245895,742984
1668603041,8.1,7.8,10078121984,0,0,246159,743883
1668603042,9.1,7.9,10084036608,0,0,246423,744782
1668603043,9.5,7.9,10086109184,0,0,246687,745680
1668603044,9.3,7.9,10083946496,0,0,246951,746577
1668603045,10.7,7.9,10093162496,0,0,247215,747475
1668603046,9.3,7.9,10088505344,0,0,247479,748372
1668603047,8.2,7.9,10089230336,0,0,247743,749270
1668603048,8.0,7.9,10086121472,0,0,248007,750167
1668603049,7.9,7.9,10086842368,0,0,248271,751065
1668603050,8.0,7.8,10079473664,0,0,248535,751964
1668603051,10.2,7.9,10083196928,42,42,248841,752904
1668603052,8.1,7.9,10082689024,0,0,249105,753811
1668603053,7.6,7.9,10084888576,0,0,249369,754709
1668603054,7.7,7.9,10085937152,0,0,249633,755605
1668603055,9.2,7.9,10091630592,0,0,249897,756503
1668603056,9.7,7.9,10086449152,0,0,250161,757399
1668603057,8.2,7.9,10088755200,0,0,250425,758296
1668603058,9.6,7.9,10089119744,0,0,250689,759193
1668603059,7.9,7.9,10091540480,0,0,250953,760089
1668603060,8.1,7.8,10081439744,0,0,251217,760986
1668603061,9.4,7.8,10080968704,0,0,251481,761885
1668603062,8.7,7.9,10084802560,0,0,251745,762784
1668603063,10.3,7.9,10086178816,0,0,252009,763682
1668603064,9.3,7.9,10089824256,0,0,252273,764581
1668603065,9.2,7.9,10090254336,0,0,252537,765478
1668603066,10.9,7.8,10080358400,0,0,252801,766375
1668603067,7.2,7.8,10079772672,0,0,253065,767272
1668603068,7.6,7.8,10080579584,0,0,253329,768171
1668603069,8.7,7.9,10090418176,132,237,253593,769069
1668603070,8.3,7.8,10078461952,0,0,253857,769977
1668603071,8.4,7.9,10082586624,0,0,254121,770875
1668603072,8.1,7.9,10085371904,0,0,254385,771774
1668603073,8.8,7.9,10085888000,0,0,254649,772673
1668603074,8.8,7.8,10040459264,66,0,254913,773569
1668603075,8.6,7.8,10039074816,0,0,255177,774471
1668603076,13.7,7.8,10031788032,0,0,255441,775368
1668603077,7.9,7.8,10030903296,0,0,255705,776266
1668603078,8.3,7.8,10034274304,42,42,256011,777207
1668603079,8.8,7.8,10026385408,0,0,256275,778113
1668603080,8.6,7.8,10023936000,0,0,256539,779011
1668603081,11.1,7.8,9973702656,0,0,256803,779908
1668603082,12.5,7.7,9943994368,0,0,257067,780808
1668603083,12.8,7.7,9940684800,0,0,257331,781708
1668603084,12.7,7.7,9864237056,0,0,257595,782605
1668603085,8.7,7.7,9871052800,0,0,257859,783505
1668603086,12.7,7.7,9846067200,0,0,258123,784404
1668603087,8.1,7.7,9847410688,0,0,258387,785301
1668603088,8.5,7.7,9846829056,0,0,258651,786199
1668603089,9.1,7.7,9847369728,0,0,258915,787096
1668603090,7.0,7.7,9847889920,0,0,259179,787995
1668603091,8.3,7.7,9848270848,0,0,259443,788892
1668603092,8.8,7.6,9807761408,0,0,259707,789789
1668603093,8.2,7.6,9800900608,0,0,259971,790688
1668603094,12.0,7.6,9800003584,0,0,260235,791586
1668603095,15.9,7.6,9809850368,0,0,260499,792484
1668603096,14.8,7.7,9831399424,0,0,260763,793383
1668603097,7.4,7.7,9833381888,0,0,261027,794283
1668603098,7.4,7.7,9831268352,0,0,261291,795181
1668603099,11.5,7.6,9805119488,0,0,261555,796080
1668603100,14.1,7.6,9806131200,42,0,261861,796980
1668603101,15.9,7.7,9818288128,42,0,262167,797882
1668603102,9.3,7.7,9831526400,0,0,262431,798786
1668603103,14.4,7.7,9841979392,0,0,262695,799684
1668603104,19.0,7.7,9881858048,174,423,262935,800558
1668603105,18.6,7.7,9908355072,0,0,263199,801466
1668603106,18.3,7.8,9984479232,0,0,263463,802366
1668603107,16.2,7.8,10003292160,42,0,263769,803263
1668603108,24.1,7.8,10045308928,42,0,264075,804165
1668603109,20.9,7.8,10072158208,84,0,264423,805067
1668603110,19.3,7.8,10033315840,84,0,264771,805969
1668603111,21.9,7.8,10073399296,0,0,265035,806870
1668603112,20.3,7.8,10009350144,42,0,265341,807769
1668603113,12.0,7.8,9971408896,42,0,265647,808672
1668603114,11.3,7.7,9941123072,216,541,265863,809443
1668603115,11.3,7.7,9930784768,42,0,266169,810353
1668603116,17.3,7.7,9939271680,42,0,266475,811256
1668603117,16.4,7.8,9948422144,84,0,266823,812157
1668603118,13.6,7.8,9976590336,0,0,267087,813061
1668603119,15.1,7.8,9980006400,42,0,267393,813959
1668603120,10.3,7.8,9986514944,42,0,267699,814862
1668603121,9.7,7.8,10003439616,0,0,267963,815764
1668603122,9.2,7.8,10007830528,0,0,268227,816662
1668603123,10.3,7.8,9984761856,0,0,268491,817559
1668603124,11.8,7.8,9974063104,42,0,268797,818454
1668603125,7.4,7.8,9974878208,42,0,269103,819357
1668603126,13.7,7.7,9933082624,42,0,269409,820258
1668603127,11.9,7.8,9960341504,0,0,269673,821160
1668603128,14.5,7.8,9961807872,42,0,269979,822060
1668603129,11.7,7.8,9966735360,42,0,270285,822964
1668603130,8.7,7.7,9925799936,0,0,270549,823867
1668603131,17.3,7.8,9972473856,84,42,270897,824807
1668603132,14.7,7.8,9951608832,0,0,271161,825715
1668603133,10.5,7.7,9939681280,42,0,271467,826613
1668603134,10.6,7.7,9883873280,0,0,271731,827514
1668603135,8.0,7.7,9876320256,0,0,271995,828414
1668603136,11.2,7.7,9880211456,0,0,272259,829309
1668603137,10.7,7.7,9875496960,0,0,272523,830207
1668603138,8.1,7.7,9875267584,0,0,272787,831103
1668603139,8.4,7.7,9874087936,0,0,273051,832001
1668603140,7.8,7.7,9872023552,0,0,273315,832898
1668603141,10.5,7.7,9872506880,0,0,273579,833797
1668603142,12.8,7.7,9849372672,326,0,274169,834696
1668603143,16.4,7.7,9854197760,97,0,274530,835600
1668603144,11.6,7.6,9813942272,97,0,274891,836501
1668603145,8.9,7.6,9812439040,0,0,275155,837403
1668603146,14.2,7.6,9806491648,0,0,275419,838301
1668603147,13.3,7.7,9814917120,139,0,275822,839197
1668603148,16.2,7.7,9823641600,42,0,276128,840100
1668603149,9.8,7.7,9830203392,0,0,276392,841004
1668603150,7.3,7.7,9832943616,0,0,276656,841902
1668603151,8.9,7.7,9836552192,97,0,277017,842799
1668603152,9.7,7.7,9837559808,0,0,277281,843702
1668603153,9.0,7.7,9861906432,0,0,277545,844601
1668603154,15.1,7.7,9864957952,42,0,277851,845499
1668603155,13.9,7.7,9884852224,42,0,278157,846402
1668603156,14.1,7.7,9898729472,0,0,278421,847306
1668603157,15.2,7.7,9873326080,500,42,279185,848246
1668603158,8.4,7.7,9880727552,388,0,279837,849154
1668603159,9.7,7.7,9855688704,520,0,280621,850057
1668603160,9.8,7.7,9846435840,520,0,281405,850961
1668603161,8.7,7.7,9846759424,97,0,281766,851864
1668603162,10.3,7.7,9849085952,430,0,282460,852765
1668603163,17.9,7.7,9873383424,42,0,282766,853668
1668603164,16.1,7.7,9880903680,278,0,283308,854571
1668603165,8.9,7.7,9888989184,42,0,283614,855474
1668603166,9.7,7.7,9876275200,0,0,283878,856377
1668603167,7.8,7.7,9878376448,0,0,284142,857274
1668603168,7.8,7.7,9884405760,0,0,284406,858171
1668603169,9.9,7.7,9889701888,42,0,284712,859068
1668603170,8.5,7.7,9884803072,42,0,285018,859969
1668603171,10.2,7.7,9874001920,42,0,285324,860872
1668603172,11.7,7.7,9836437504,0,0,285588,861774
1668603173,9.0,7.6,9754472448,42,0,285894,862673
1668603174,8.5,7.6,9756999680,42,0,286200,863574
1668603175,11.0,7.6,9753731072,42,0,286506,864477
1668603176,14.3,7.6,9741635584,0,0,286770,865380
1668603177,9.0,7.6,9744916480,42,0,287076,866279
1668603178,10.0,7.6,9744809984,42,0,287382,867180
1668603179,8.9,7.6,9740259328,42,0,287688,868084
1668603180,8.4,7.6,9744539648,0,0,287952,868984
1668603181,8.2,7.6,9743859712,42,0,288258,869880
1668603182,11.9,7.6,9748320256,42,0,288564,870782
1668603183,15.8,7.6,9765326848,42,0,288870,871683
1668603184,11.7,7.6,9793212416,42,42,289176,872628
1668603185,9.3,7.6,9795866624,0,0,289440,873535
1668603186,17.1,7.6,9798692864,174,378,289680,874365
1668603187,15.3,7.7,9834295296,42,0,289986,875274
1668603188,13.9,7.6,9797836800,84,0,290334,876177
1668603189,13.8,7.6,9759940608,42,0,290640,877080
1668603190,10.3,7.6,9771638784,0,0,290904,877984
1668603191,9.5,7.6,9761759232,42,0,291210,878882
1668603192,9.0,7.6,9762107392,42,0,291516,879784
1668603193,9.1,7.6,9764532224,42,0,291822,880685
1668603194,9.3,7.6,9776316416,0,0,292086,881587
1668603195,7.8,7.6,9777250304,42,0,292392,882485
1668603196,9.7,7.6,9778077696,42,0,292698,883386
1668603197,7.6,7.6,9777434624,42,0,293004,884288
1668603198,9.0,7.6,9741389824,0,0,293268,885190
1668603199,9.9,7.6,9737195520,42,0,293574,886087
1668603200,9.0,7.6,9741869056,42,0,293880,886986
1668603201,8.2,7.6,9742954496,42,0,294186,887887
1668603202,11.6,7.6,9737224192,0,0,294450,888789
1668603203,14.3,7.6,9762263040,174,538,294624,889557
1668603204,14.8,7.6,9759281152,42,0,294930,890465
1668603205,9.8,7.6,9770946560,84,0,295278,891368
1668603206,9.5,7.6,9765478400,42,0,295584,892270
1668603207,7.8,7.6,9767116800,0,0,295848,893171
1668603208,9.2,7.6,9774915584,42,0,296154,894068
1668603209,8.4,7.6,9776566272,42,0,296460,894969
1668603210,9.2,7.6,9773506560,84,42,296808,895912
1668603211,7.4,7.6,9772912640,0,0,297072,896817
1668603212,9.7,7.6,9774206976,0,0,297336,897713
1668603213,7.2,7.6,9775030272,42,0,297642,898610
1668603214,7.6,7.6,9778335744,42,0,297948,899509
1668603215,8.0,7.6,9783676928,174,380,298188,900346
1668603216,10.8,7.6,9777057792,0,0,298452,901253
1668603217,9.5,7.6,9742217216,694,0,299410,902152
1668603218,7.9,7.6,9745756160,236,0,299910,903054
1668603219,8.1,7.6,9742098432,236,0,300410,903957
1668603220,9.5,7.6,9742946304,42,0,300716,904859
1668603221,8.1,7.6,9747939328,278,0,301258,905761
1668603222,16.1,7.6,9753264128,84,0,301606,906662
1668603223,15.8,7.6,9761918976,42,0,301912,907566
1668603224,9.5,7.6,9767923712,42,0,302218,908469
1668603225,8.7,7.6,9770807296,0,0,302482,909371
1668603226,9.6,7.6,9769332736,42,0,302788,910267
1668603227,8.1,7.6,9777692672,42,0,303094,911167
1668603228,7.7,7.6,9774436352,42,0,303400,912069
1668603229,8.3,7.6,9774833664,0,0,303664,912970
1668603231,8.5,7.6,9773359104,42,0,303970,913867
1668603232,8.6,7.6,9774755840,42,0,304276,914768
1668603233,9.6,7.6,9773559808,42,0,304582,915667
1668603234,7.1,7.6,9773203456,0,0,304846,916569
1668603235,9.2,7.6,9779961856,0,0,305110,917464
1668603236,8.0,7.6,9781035008,42,0,305416,918362
1668603237,10.4,7.6,9759244288,434,0,306114,919265
1668603238,9.1,7.6,9746653184,538,42,306916,920210
1668603239,9.0,7.6,9746350080,97,0,307277,921115
1668603240,9.2,7.6,9744855040,139,0,307680,922018
1668603241,9.1,7.6,9738403840,42,0,307986,922921
1668603242,7.9,7.6,9734852608,236,0,308486,923824
1668603243,20.2,7.6,9788522496,0,0,308750,924726
1668603244,19.0,7.6,9790906368,42,0,309056,925624
1668603245,12.2,7.6,9809825792,84,0,309404,926523
1668603246,14.3,7.7,9849274368,42,0,309710,927426
1668603247,15.9,7.7,9853501440,84,0,310058,928327
1668603248,11.3,7.7,9867509760,84,0,310406,929231
1668603249,7.3,7.7,9868558336,42,0,310712,930132
1668603250,9.6,7.7,9868107776,42,0,311018,931032
1668603251,8.5,7.7,9868644352,0,0,311282,931934
1668603252,7.3,7.7,9869959168,42,0,311588,932832
1668603253,9.7,7.7,9870897152,42,0,311894,933735
1668603254,8.9,7.7,9872007168,42,0,312200,934637
1668603255,8.2,7.7,9872011264,0,0,312464,935539
1668603256,10.0,7.7,9839628288,163,0,312891,936438
1668603257,10.2,7.7,9836175360,139,0,313294,937343
1668603258,8.1,7.7,9829879808,139,0,313697,938246
1668603259,7.7,7.7,9825828864,42,0,314003,939149
1668603260,8.5,7.7,9822728192,0,0,314267,940049
1668603261,9.9,7.7,9828524032,139,0,314670,940945
1668603262,8.0,7.7,9828241408,42,0,314976,941848
1668603263,17.7,7.7,9854668800,84,0,315324,942749
1668603264,14.5,7.7,9863970816,84,42,315672,943693
1668603265,10.0,7.7,9858379776,0,0,315936,944599
1668603266,8.3,7.7,9859358720,0,0,316200,945497
1668603267,9.0,7.7,9856917504,0,0,316464,946396
1668603268,9.1,7.7,9873285120,0,0,316728,947295
1668603269,10.0,7.7,9867112448,0,0,316992,948191
1668603270,8.1,7.7,9868644352,0,0,317256,949089
1668603271,8.5,7.7,9869688832,0,0,317520,949986
1668603272,8.0,7.7,9869561856,0,0,317784,950883
1668603273,8.4,7.7,9872736256,0,0,318048,951781
1668603274,9.6,7.7,9843630080,0,0,318312,952679
1668603275,9.3,7.7,9842712576,0,0,318576,953576
1668603276,8.4,7.7,9844342784,0,0,318840,954475
1668603277,9.3,7.7,9842442240,70,0,319174,955372
1668603278,8.1,7.7,9841942528,0,0,319438,956274
1668603279,8.3,7.7,9841459200,0,0,319702,957173
1668603280,9.4,7.7,9835048960,0,0,319966,958072
1668603281,8.2,7.7,9838002176,0,0,320230,958970
1668603282,7.2,7.7,9837694976,0,0,320494,959869
1668603283,12.2,7.7,9816825856,66,0,320824,960768
1668603284,11.3,7.6,9753137152,194,0,321282,961670
1668603285,10.2,7.6,9753337856,139,0,321685,962575
1668603286,10.7,7.6,9749356544,42,0,321991,963480
1668603287,9.2,7.6,9749663744,42,0,322297,964381
1668603288,8.6,7.6,9748520960,97,0,322658,965283
1668603289,8.5,7.6,9748258816,0,0,322922,966185
1668603290,8.2,7.6,9749725184,0,0,323186,967084
1668603291,9.4,7.6,9747255296,0,0,323450,967979
1668603292,8.9,7.6,9749008384,0,0,323714,968877
1668603293,7.6,7.6,9749377024,42,0,324020,969774
1668603294,7.6,7.6,9742635008,42,0,324326,970672
1668603295,8.4,7.6,9742893056,42,0,324632,971575
1668603296,8.6,7.6,9744138240,0,0,324896,972476
1668603297,8.8,7.6,9738006528,84,42,325244,973415
1668603298,8.8,7.6,9737224192,42,0,325550,974319
1668603299,10.3,7.6,9730428928,42,0,325856,975221
1668603300,8.1,7.6,9728344064,0,0,326120,976125
1668603301,8.9,7.6,9726844928,0,0,326384,977024
1668603302,7.7,7.6,9725939712,42,0,326690,977921
1668603303,10.0,7.6,9730629632,42,0,326996,978821
1668603304,10.4,7.6,9731014656,42,0,327302,979725
1668603305,9.4,7.6,9734598656,0,0,327566,980628
1668603306,8.7,7.6,9734705152,42,0,327872,981525
1668603307,14.4,7.6,9786806272,42,0,328178,982427
1668603308,13.7,7.6,9766133760,42,0,328484,983328
1668603309,13.3,7.6,9780822016,42,0,328790,984229
1668603310,8.7,7.6,9783296000,0,0,329054,985132
1668603311,9.2,7.6,9783840768,0,0,329318,986031
1668603312,7.4,7.6,9780707328,0,0,329582,986927
1668603313,8.4,7.6,9782001664,0,0,329846,987824
1668603314,9.6,7.6,9778663424,0,0,330110,988722
1668603315,8.6,7.6,9777496064,0,0,330374,989620
1668603316,8.1,7.6,9781334016,0,0,330638,990516
1668603317,10.1,7.6,9767792640,0,0,330902,991413
1668603318,7.4,7.6,9766375424,0,0,331166,992312
1668603319,7.9,7.6,9767837696,0,0,331430,993208
1668603320,8.5,7.6,9764048896,0,0,331694,994104
1668603321,9.8,7.6,9766932480,0,0,331958,995000
1668603322,7.6,7.6,9765343232,0,0,332222,995897
1668603323,10.6,7.6,9773096960,0,0,332486,996796
1668603324,9.2,7.6,9776377856,0,0,332750,997695
1668603325,9.7,7.6,9779449856,0,0,333014,998593
1668603326,9.4,7.6,9784180736,0,0,333278,999492
1668603327,8.3,7.6,9780523008,0,0,333542,1000389
1668603328,9.1,7.6,9782341632,0,0,333806,1001288
1668603329,9.4,7.6,9785327616,42,42,334112,1002227
1668603330,8.4,7.6,9786593280,66,0,334376,1003131
1668603331,7.9,7.6,9788194816,0,0,334640,1004032
1668603332,7.3,7.6,9786658816,0,0,334904,1004928
1668603333,8.8,7.6,9782857728,0,0,335168,1005827
1668603334,7.8,7.6,9782087680,0,0,335432,1006724
1668603335,9.5,7.6,9787420672,0,0,335696,1007622
1668603336,9.2,7.6,9789751296,0,0,335960,1008519
1668603337,10.0,7.6,9788297216,132,380,336158,1009352
1668603338,7.6,7.6,9789059072,0,0,336422,1010260
1668603339,8.3,7.6,9787899904,0,0,336686,1011155
1668603340,9.4,7.6,9787793408,0,0,336950,1012054
1668603341,8.1,7.6,9786023936,0,0,337214,1012953
1668603342,6.9,7.6,9786490880,0,0,337478,1013852
1668603343,10.7,7.6,9788882944,0,0,337742,1014751
1668603344,9.2,7.6,9786417152,0,0,338006,1015651
1668603345,9.1,7.6,9789820928,0,0,338270,1016549
1668603346,8.4,7.6,9802403840,0,0,338534,1017448
1668603347,8.3,7.6,9803067392,0,0,338798,1018343
1668603348,9.1,7.6,9802334208,0,0,339062,1019240
1668603349,8.6,7.6,9796440064,0,0,339326,1020138
1668603350,8.1,7.6,9798352896,0,0,339590,1021036
1668603351,9.9,7.6,9798995968,0,0,339854,1021935
1668603352,11.0,7.6,9804238848,0,0,340118,1022834
1668603353,14.1,7.7,9824374784,42,0,340424,1023732
1668603354,15.0,7.7,9835261952,42,0,340730,1024635
1668603355,8.9,7.7,9840095232,0,0,340994,1025539
1668603356,8.7,7.7,9847074816,0,0,341258,1026436
1668603357,8.6,7.7,9849253888,0,0,341522,1027335
1668603358,9.9,7.7,9847242752,0,0,341786,1028233
1668603359,9.1,7.7,9846419456,0,0,342050,1029132
1668603360,8.9,7.7,9841119232,0,0,342314,1030032
1668603361,8.4,7.7,9841139712,0,0,342578,1030931
1668603362,9.8,7.7,9870999552,0,0,342842,1031831
1668603363,18.4,7.7,9862590464,42,42,343148,1032771
1668603364,11.3,7.7,9879728128,0,0,343412,1033679
1668603365,14.1,7.7,9900949504,0,0,343676,1034579
1668603366,12.8,7.7,9928417280,0,0,343940,1035479
1668603367,11.9,7.7,9935118336,0,0,344204,1036377
1668603368,7.7,7.7,9935163392,0,0,344468,1037278
1668603369,7.8,7.7,9933676544,0,0,344732,1038175
1668603370,14.4,7.7,9937608704,0,0,344996,1039074
1668603371,13.2,7.8,9962876928,0,0,345260,1039975
1668603372,13.4,7.8,9988505600,0,0,345524,1040875
1668603373,14.4,7.8,10016436224,42,0,345830,1041771
1668603374,13.8,7.8,9985466368,42,0,346136,1042675
1668603375,14.8,7.8,10008510464,42,0,346442,1043578
1668603376,15.4,7.8,10019913728,42,0,346748,1044483
1668603377,14.5,7.8,10018955264,0,0,347012,1045386
1668603378,14.5,7.8,10029039616,42,0,347318,1046286
1668603379,12.8,7.8,9998766080,42,0,347624,1047190
1668603380,15.5,7.8,10011217920,42,0,347930,1048095
1668603381,15.2,7.8,10022617088,0,0,348194,1048998
1668603382,14.3,7.8,10021576704,42,0,348500,1049892
1668603383,14.3,7.8,10042728448,42,0,348806,1050793
1668603384,14.7,7.8,10023948288,332,0,349402,1051693
1668603385,16.6,7.8,10018623488,85,0,349751,1052594
1668603386,14.8,7.8,10014420992,127,0,350142,1053493
1668603387,15.5,7.8,10008014848,0,0,350406,1054394
1668603388,16.4,7.8,10016649216,0,0,350670,1055291
1668603389,17.4,7.8,10021900288,0,0,350934,1056189
1668603390,16.1,7.8,10005831680,0,0,351198,1057085
1668603391,13.2,7.8,10009776128,0,0,351462,1057982
1668603392,12.5,7.8,10013564928,42,0,351768,1058879
1668603393,14.9,7.8,9989795840,42,0,352074,1059779
1668603394,15.6,7.8,9991684096,42,0,352380,1060678
1668603395,14.5,7.8,9996718080,0,0,352644,1061580
1668603396,15.3,7.8,10016673792,42,0,352950,1062477
1668603397,14.5,7.8,9976508416,84,42,353298,1063420
1668603398,15.5,7.8,9987391488,42,0,353604,1064326
1668603399,14.2,7.8,9997864960,42,0,353910,1065227
1668603400,14.9,7.8,9994731520,0,0,354174,1066129
1668603401,11.1,7.8,10018013184,42,0,354480,1067025
1668603402,13.9,7.8,9995898880,0,0,354744,1067927
1668603403,17.4,7.8,9991512064,0,0,355008,1068824
1668603404,20.2,7.8,10017632256,0,0,355272,1069721
1668603405,22.1,7.8,10043858944,42,0,355578,1070616
1668603406,19.1,7.8,10035986432,42,0,355884,1071516
1668603407,16.8,7.9,10085502976,0,0,356148,1072417
1668603408,12.2,7.8,10045571072,0,0,356412,1073313
1668603409,13.8,7.8,10050777088,42,0,356718,1074211
1668603410,16.4,7.8,10053607424,42,0,357024,1075112
1668603411,15.4,7.8,10048872448,0,0,357288,1076014
1668603412,13.8,7.8,10058498048,42,0,357594,1076912
